{"stats":{"minecraft:custom":{"minecraft:jump":21,"minecraft:time_since_rest":1394,"minecraft:leave_game":1,"minecraft:sprint_one_cm":2738,"minecraft:play_time":16869,"minecraft:time_since_death":16869,"minecraft:walk_one_cm":2289,"minecraft:sleep_in_bed":1,"minecraft:total_world_time":16869,"minecraft:fall_one_cm":418,"minecraft:fly_one_cm":10768},"minecraft:mined":{"minecraft:sand":2},"minecraft:used":{"minecraft:sand":2,"minecraft:brown_bed":1},"minecraft:picked_up":{"minecraft:sand":2}},"DataVersion":3465}