{"stats":{"minecraft:mined":{"minecraft:grass":2,"minecraft:acacia_log":2},"minecraft:crafted":{"minecraft:acacia_planks":4},"minecraft:custom":{"minecraft:time_since_rest":5110,"minecraft:walk_on_water_one_cm":48,"minecraft:leave_game":1,"minecraft:play_time":5110,"minecraft:sprint_one_cm":4249,"minecraft:damage_taken":20,"minecraft:time_since_death":5110,"minecraft:walk_one_cm":16527,"minecraft:total_world_time":5110,"minecraft:mob_kills":4,"minecraft:fall_one_cm":484,"minecraft:fly_one_cm":26142,"minecraft:jump":37},"minecraft:killed":{"minecraft:pig":1,"minecraft:squid":2,"minecraft:warden":1},"minecraft:used":{"minecraft:warden_spawn_egg":1},"minecraft:picked_up":{"minecraft:oak_sapling":1,"minecraft:sculk_catalyst":1,"minecraft:acacia_log":1}},"DataVersion":3465}