{"stats":{"minecraft:mined":{"minecraft:grass":2,"minecraft:acacia_log":2},"minecraft:dropped":{"minecraft:gunpowder":3,"tacz:modern_kinetic_gun":3},"minecraft:crafted":{"minecraft:acacia_planks":4},"minecraft:killed":{"minecraft:sheep":3,"minecraft:skeleton":5,"minecraft:pillager":4,"minecraft:zombie":1,"minecraft:pig":2,"minecraft:warden":4,"minecraft:creeper":3,"minecraft:squid":2},"minecraft:custom":{"minecraft:time_since_rest":9194,"minecraft:sprint_one_cm":32271,"minecraft:damage_taken":70,"minecraft:walk_one_cm":105002,"minecraft:mob_kills":26,"minecraft:drop":6,"tombstone:raider_killed":4,"minecraft:damage_dealt":727,"minecraft:damage_dealt_absorbed":109,"minecraft:talked_to_villager":5,"minecraft:fly_one_cm":86482,"minecraft:bell_ring":21,"minecraft:crouch_one_cm":274,"minecraft:play_time":29110,"tombstone:undead_killed":6,"minecraft:interact_with_campfire":11,"minecraft:raid_trigger":1,"minecraft:sneak_time":342,"minecraft:boat_one_cm":12642,"minecraft:damage_dealt_resisted":377,"minecraft:jump":216,"minecraft:leave_game":1,"minecraft:walk_on_water_one_cm":48,"minecraft:time_since_death":29110,"minecraft:sleep_in_bed":1,"minecraft:total_world_time":29110,"minecraft:fall_one_cm":1509},"minecraft:used":{"minecraft:warden_spawn_egg":4,"minecraft:oak_log":2,"minecraft:villager_spawn_egg":3,"tacz:gun_smith_table":9,"minecraft:birch_boat":1,"minecraft:iron_sword":12,"minecraft:torch":6,"minecraft:mutton":1,"minecraft:campfire":10,"minecraft:splash_potion":10},"minecraft:picked_up":{"minecraft:sculk_catalyst":4,"minecraft:acacia_log":1,"minecraft:porkchop":1,"sophisticatedbackpacks:iron_backpack":1,"minecraft:gunpowder":3,"minecraft:white_banner":1,"minecraft:cooked_mutton":11,"minecraft:bone":1,"minecraft:rotten_flesh":2,"tacz:modern_kinetic_gun":3,"minecraft:oak_sapling":1,"minecraft:mutton":6,"minecraft:white_wool":3,"minecraft:egg":1}},"DataVersion":3465}