{"stats":{"minecraft:mined":{"minecraft:grass":2,"minecraft:acacia_log":2},"minecraft:crafted":{"minecraft:acacia_planks":4},"minecraft:killed":{"minecraft:sheep":3,"minecraft:warden":4,"minecraft:pig":2,"minecraft:squid":2},"minecraft:custom":{"minecraft:time_since_rest":17110,"minecraft:sprint_one_cm":10835,"minecraft:play_time":17110,"minecraft:damage_taken":70,"minecraft:walk_one_cm":55573,"minecraft:mob_kills":11,"minecraft:jump":114,"minecraft:leave_game":1,"minecraft:time_since_death":17110,"minecraft:walk_on_water_one_cm":48,"minecraft:total_world_time":17110,"minecraft:fall_one_cm":1509,"minecraft:fly_one_cm":35348},"minecraft:used":{"minecraft:warden_spawn_egg":4,"minecraft:mutton":1,"minecraft:splash_potion":9},"minecraft:picked_up":{"minecraft:sculk_catalyst":4,"minecraft:acacia_log":1,"minecraft:porkchop":1,"minecraft:oak_sapling":1,"minecraft:mutton":6,"minecraft:white_wool":3,"minecraft:egg":1}},"DataVersion":3465}