{"stats":{"minecraft:crafted":{"minecraft:spruce_planks":24},"minecraft:mined":{"minecraft:large_fern":17,"minecraft:spruce_leaves":4,"minecraft:spruce_log":6,"minecraft:fern":2,"minecraft:brown_bed":1},"minecraft:used":{"minecraft:brown_bed":5},"minecraft:dropped":{"minecraft:wheat_seeds":1},"minecraft:picked_up":{"minecraft:spruce_log":6,"minecraft:wheat_seeds":6,"minecraft:brown_bed":1},"minecraft:custom":{"minecraft:jump":40,"minecraft:time_since_rest":4015,"minecraft:sprint_one_cm":4308,"minecraft:play_time":15626,"minecraft:time_since_death":15626,"minecraft:walk_one_cm":4132,"minecraft:sleep_in_bed":1,"minecraft:total_world_time":15626,"minecraft:fall_one_cm":493,"minecraft:drop":1,"minecraft:fly_one_cm":10678}},"DataVersion":3465}