{"stats":{"minecraft:custom":{"minecraft:time_since_rest":478,"minecraft:crouch_one_cm":29,"minecraft:play_time":13971,"minecraft:sprint_one_cm":4275,"minecraft:walk_one_cm":6614,"minecraft:sneak_time":177,"minecraft:mob_kills":13,"minecraft:drop":2,"minecraft:jump":110,"minecraft:damage_dealt":3804,"minecraft:leave_game":2,"minecraft:time_since_death":13971,"minecraft:sleep_in_bed":2,"minecraft:climb_one_cm":2139,"minecraft:total_world_time":13971,"minecraft:fall_one_cm":478,"minecraft:fly_one_cm":24914},"minecraft:dropped":{"minecraft:vine":1,"minecraft:grass_block":1},"minecraft:killed":{"minecraft:witch":12},"minecraft:used":{"minecraft:netherite_sword":43,"minecraft:potion":2,"minecraft:vine":1,"minecraft:witch_spawn_egg":11,"minecraft:grass_block":1,"minecraft:splash_potion":39,"minecraft:brown_bed":2},"minecraft:picked_up":{"minecraft:stick":5,"minecraft:sugar":2,"minecraft:jungle_log":1,"minecraft:potion":2,"minecraft:glowstone_dust":3,"minecraft:glass_bottle":4,"minecraft:gunpowder":3,"minecraft:redstone":4,"minecraft:spider_eye":8},"minecraft:mined":{"minecraft:jungle_log":1}},"DataVersion":3465}