{"stats":{"minecraft:mined":{"minecraft:grass":2,"minecraft:acacia_log":2},"minecraft:dropped":{"minecraft:gunpowder":3,"tacz:modern_kinetic_gun":3,"minecraft:sugar":1},"minecraft:crafted":{"minecraft:acacia_planks":4},"minecraft:killed":{"minecraft:sheep":3,"minecraft:skeleton":8,"minecraft:pillager":5,"minecraft:zombie":3,"minecraft:pig":2,"minecraft:witch":1,"minecraft:spider":2,"minecraft:warden":4,"minecraft:ravager":1,"minecraft:creeper":5,"minecraft:squid":2},"minecraft:custom":{"minecraft:time_since_rest":1660,"minecraft:sprint_one_cm":36166,"minecraft:damage_taken":70,"minecraft:walk_one_cm":118417,"minecraft:mob_kills":38,"minecraft:drop":7,"tombstone:raider_killed":7,"minecraft:damage_dealt":1095,"minecraft:damage_dealt_absorbed":109,"minecraft:talked_to_villager":6,"minecraft:fly_one_cm":178987,"minecraft:raid_win":1,"minecraft:bell_ring":21,"minecraft:crouch_one_cm":274,"minecraft:play_time":41110,"tombstone:undead_killed":11,"minecraft:interact_with_campfire":11,"minecraft:raid_trigger":1,"minecraft:sneak_time":351,"minecraft:boat_one_cm":13818,"minecraft:damage_dealt_resisted":377,"minecraft:jump":270,"minecraft:leave_game":1,"minecraft:walk_on_water_one_cm":2287,"minecraft:time_since_death":41110,"minecraft:sleep_in_bed":2,"minecraft:total_world_time":41110,"minecraft:fall_one_cm":1509},"minecraft:used":{"minecraft:warden_spawn_egg":4,"minecraft:oak_log":7,"minecraft:villager_spawn_egg":3,"tacz:gun_smith_table":9,"minecraft:birch_boat":1,"minecraft:iron_sword":19,"minecraft:torch":15,"minecraft:mutton":1,"minecraft:blast_furnace":1,"minecraft:campfire":10,"minecraft:splash_potion":10},"minecraft:picked_up":{"minecraft:sculk_catalyst":4,"minecraft:acacia_log":1,"minecraft:porkchop":1,"sophisticatedbackpacks:iron_backpack":1,"minecraft:gunpowder":4,"minecraft:spider_eye":1,"minecraft:arrow":2,"minecraft:white_banner":1,"minecraft:sugar":1,"minecraft:cooked_mutton":11,"minecraft:bone":2,"minecraft:rotten_flesh":3,"tacz:modern_kinetic_gun":3,"minecraft:oak_sapling":1,"minecraft:mutton":6,"minecraft:white_wool":3,"minecraft:egg":1}},"DataVersion":3465}